14824,"1410/565 Flinders Street, Melbourne, Vic 3000"
14825,"136/538 Little Lonsdale St, Melbourne, Vic 3000"
14826,"1013/25 Therry Street, Melbourne, Vic 3000"
14827,"1213/ 25 Therry Street, Melbourne, Vic 3000"
14828,"1315/568 St Kilda Road, Melbourne, Vic 3004"
14829,"4506/27 Therry Street, Melbourne, Vic 3000"
14830,"6005/135 A'Beckett Street, Melbourne, Vic 3000"
14831,"4/201 Franklin Street, Melbourne, Vic 3000"
14832,"61/416 St Kilda Road, Melbourne, Vic 3004"
14833,"1105/25 Therry Street, Melbourne, Vic 3000"
14834,"1104/87 Franklin Street, Melbourne, Vic 3000"
14835,"2508/483 Swanston Street, Melbourne, Vic 3000"
14836,"703/11-17 Cohen Place, Melbourne, Vic 3000"
14837,"9/283 Spring Street, Melbourne, Vic 3000"
14838,"3907/135 A'Beckett Street, Melbourne, Vic 3000"
14839,"Level 9/500 FLINDERS STREET, Melbourne, Vic 3000"
14840,"404/68 La Trobe Street, Melbourne, Vic 3000"
14841,"25/449 St Kilda Road, Melbourne, Vic 3004"
14842,"1102/285 La Trobe Street, Melbourne, Vic 3000"
14843,"1015/74 Queens Road, Melbourne, Vic 3004"
14844,"112/67 Spencer Street, Melbourne, Vic 3000"
14845,"403/74 Queens Road, Melbourne, Vic 3000"
14846,"415/610 St Kilda Road, Melbourne, Vic 3004"
14847,"5.4/201 Spring Street, Melbourne, Vic 3000"
14848,"31/116 Queen Street, Melbourne, Vic 3000"
14849,"1805/139 Bourke Street, Melbourne, Vic 3000"
14850,"401/455 Elizabeth Street, Melbourne, Vic 3000"
14851,"2705/8 Franklin Street, Melbourne, Vic 3000"
14852,"710/74 Queens Road, Melbourne, Vic 3004"
14853,"2003/27 Little Collins Street, Melbourne, Vic 3000"
14854,"204/18 Russell Place, Melbourne, Vic 3000"
14855,"1216/339 Swanston Street, Melbourne, Vic 3000"
14856,"191/416A St Kilda Road, Melbourne, Vic 3004"
14857,"Level 16/131 Lonsdale Street, Melbourne, Vic 3000"
14858,"Level 10/408 Lonsdale Street, Melbourne, Vic 3000"
14859,"1505/270 King Street, Melbourne, Vic 3000"
14860,"403/15 Queens Road, Melbourne, Vic 3004"
14861,"804/505 ST KILDA ROAD, Melbourne, Vic 3004"
14862,"517/499 St Kilda Rd, Melbourne, Vic 3004"
14863,"303/8 Exploration Lane, Melbourne, Vic 3000"
14864,"171/15 Collins Street, Melbourne, Vic 3000"
14865,"45/431 St Kilda Road, Melbourne, Vic 3004"
14866,"3302/327 La Trobe Street, Melbourne, Vic 3000"
14867,"M101/285 LaTrobe Street, Melbourne, Vic 3000"
14868,"705/12 Queens Road, Melbourne, Vic 3004"
14869,"33/546 Flinders Street, Melbourne, Vic 3000"
14870,"913/610 St Kilda  Road, Melbourne, Vic 3004"
14871,"904/25 Therry street, Melbourne, Vic 3000"
14872,"513/87 Franklin Street, Melbourne, Vic 3000"
14873,"2401/27 Therry Street, Melbourne, Vic 3000"
14874,"379/299 Spring  Street, Melbourne, Vic 3000"
14875,"1202/480 St Kilda Road, Melbourne, Vic 3000"
14876,"4508/27 Therry Street, Melbourne, Vic 3000"
14877,"4B/237 Flinders Lane, Melbourne, Vic 3000"
14878,"210/610 St Kilda Road, Melbourne, Vic 3004"
14879,"706/108 Flinders Street, Melbourne, Vic 3000"
14880,"308/62 Hayward Lane, Melbourne, Vic 3000"
14881,"4517/220 Spencer Street, Melbourne, Vic 3000"
14882,"1103/610 St Kilda  Road, Melbourne, Vic 3004"
14883,"1009/12 Queens Road, Melbourne, Vic 3004"
14884,"811/12 Queens Road, Melbourne, Vic 3004"
14885,"1906/12 Queens Road, Melbourne, Vic 3004"
14886,"3206/483 Swanston Street, Melbourne, Vic 3000"
14887,"4204/483 Swanston Street, Melbourne, Vic 3000"
14888,"2/16-18 Bennetts Lane, Melbourne, Vic 3000"
14889,"21/201 Spring Street, Melbourne, Vic 3000"
14890,"706/77 Queens Road, Melbourne, Vic 3004"
14891,"1017/555 St Kilda Road, Melbourne, Vic 3004"
14892,"808/594 St Kilda  Road, Melbourne, Vic 3004"
14893,"1007/8 Franklin Street, Melbourne, Vic 3000"
14894,"243 Franklin Street Two Bedroom, Melbourne, Vic 3000"
14895,"253 Franklin Street Two Bedroom, Melbourne, Vic 3000"
14896,"243 Franklin Street One Bedroom, Melbourne, Vic 3000"
14897,"253 Franklin Street One Bedroom, Melbourne, Vic 3000"
14898,"1204/77 Queens Road, Melbourne, Vic 3004"
14899,"3106/120  A'Beckett Street, Melbourne, Vic 3000"
14900,"19/180 Little Collins Street, Melbourne, Vic 3000"
14901,"32/458 St Kilda Road, Melbourne, Vic 3000"
14902,"2311/601 Little Lonsdale Street, Melbourne, Vic 3000"
14903,"2009/25 Therry Street, Melbourne, Vic 3000"
14904,"712/25 Therry Street, Melbourne, Vic 3000"
14905,"4408 27 Therry Street, Melbourne, Vic 3000"
14906,"509/320 St Kilda Road, Melbourne, Vic 3004"
14907,"1210/500 Elizabeth Street, Melbourne, Vic 3000"
14908,"29/400 Little Collins Street, Melbourne, Vic 3000"
14909,"907/408 Lonsdale Street, Melbourne, Vic 3000"
14910,"416/85-87 High Street, Prahran, Vic 3181"
14911,"3J/657 Chapel Street, South Yarra, Vic 3141"
14912,"220/4  Bik Lane, Fitzroy North, Vic 3068"
14913,"101/261 Swan Street, Richmond, Vic 3121"
14914,"11 Charlotte  Street, Collingwood, Vic 3066"
14915,"702/45 Claremont Street, South Yarra, Vic 3141"
14916,"1205/38 Albert Road, South Melbourne, Vic 3205"
14917,"405/7 Belford St, St Kilda, Vic 3182"
14918,"15/47 Rockley Road, South Yarra, Vic 3141"
14919,"201/106-108 Queensberry Street, Carlton, Vic 3053"
14920,"1/32 Davis Avenue, South Yarra, Vic 3141"
14921,"9/39 Somerset Street, Richmond, Vic 3121"
14922,"71B Brighton Street, Richmond, Vic 3121"
14923,"601/89 Gladstone Street, South Melbourne, Vic 3205"
14924,"4/8 Motherwell Street, South Yarra, Vic 3141"
14925,"15/47 Westbank Terrace, Richmond, Vic 3121"
14926,"4 Mary Street, Richmond, Vic 3121"
14927,"2/44 Walsh Street, South Yarra, Vic 3141"
14928,"18 Pitt  Street, Carlton, Vic 3053"
14929,"9/2 Davidson Street, South Yarra, Vic 3141"
14930,"307/205 Gipps Street, Abbotsford, Vic 3067"
14931,"412/33 Blackwood Street, North Melbourne, Vic 3051"
14932,"905/108 Haines Street, North Melbourne, Vic 3051"
14933,"5/299 Dandenong Road, Prahran, Vic 3181"
14934,"1201/108 Haines Street, North Melbourne, Vic 3051"
14935,"4/150 Peel Street, North Melbourne, Vic 3051"
14936,"50 St Georges Road, Northcote, Vic 3070"
14937,"54 Lambert Street, Richmond, Vic 3121"
14938,"44 Raphael Street, Abbotsford, Vic 3067"
14939,"518 Swanston Street, Carlton, Vic 3053"
14940,"518 Swanston Street, Carlton, Vic 3053"
14941,"2305/90 Lorimer Street, Docklands, Vic 3008"
14942,"112/121-125 Victoria Road, Northcote, Vic 3070"
14943,"505/81 Argyle Street, Fitzroy, Vic 3065"
14944,"T107/119 Turner Street, Abbotsford, Vic 3067"
14945,"6/182 Albert Road, South Melbourne, Vic 3205"
14946,"8/85 Rathdowne Street, Carlton, Vic 3053"
14947,"106/11 Hillingdon Place, Prahran, Vic 3181"
14948,"17/25 Williams  Road, Prahran, Vic 3181"
14949,"1 Lyell Street, St Kilda, Vic 3182"
14950,"314 Punt Road, South Yarra, Vic 3141"
14951,"4102/35 Queensbridge Street, Southbank, Vic 3006"
14952,"2201/9 Power Street, Southbank, Vic 3006"
14953,"2405/9 Power Street, Southbank, Vic 3006"
14954,"205/202 Barkly Street, St Kilda, Vic 3182"
14955,"1402/9 Power Street, Southbank, Vic 3006"
14956,"201/202 Barkly Street, St Kilda, Vic 3182"
14957,"209/7 King Street, Prahran, Vic 3181"
14958,"503/35 Malcolm Street, South Yarra, Vic 3141"
14959,"2106/70 Dorcas Street, Southbank, Vic 3006"
14960,"8 Charnwood Crescent, St Kilda, Vic 3182"
14961,"19/73 River Street, Richmond, Vic 3121"
14962,"19 Bell Street, Richmond, Vic 3121"
14963,"4/104 Barkly Street, St Kilda, Vic 3182"
14964,"17/11 Mount Street, Prahran, Vic 3181"
14965,"2310/50 Albert Road, South Melbourne, Vic 3205"
14966,"22 Wrexham Road, Prahran, Vic 3181"
14967,"G01/60 Siddeley St, Docklands, Vic 3008"
14968,"214/8 Daly Street, South Yarra, Vic 3141"
14969,"3502/48 Balston Street, Southbank, Vic 3006"
14970,"609/163 City Road, Southbank, Vic 3006"
14971,"S1500/8 Waterview Walk, Docklands, Vic 3008"
14972,"44 Chestnut Street, Richmond, Vic 3121"
14973,"18 Robinson Street, Prahran, Vic 3181"
14974,"27 Reed Street, Albert Park, Vic 3206"
14975,"7/39 Somerset Street, Richmond, Vic 3121"
14976,"2813/9 Power Street, Southbank, Vic 3006"
14977,"2/280 Cardigan  Street, Carlton, Vic 3053"
14978,"12/97 Barkly Street, St Kilda, Vic 3182"
14979,"216/300 Young Street, Fitzroy, Vic 3065"
14980,"2006/68-70 Dorcas Street, Southbank, Vic 3006"
14981,"C124/15 Clifton Street, Prahran, Vic 3181"
14982,"1/1 Chapel Mews, South Yarra, Vic 3141"
14983,"47/380 Toorak Road, South Yarra, Vic 3141"
14984,"808/3 Yarra Street, South Yarra, Vic 3141"
14985,"5/57 Spenser Street, St Kilda, Vic 3182"
14986,"5 William Street, Abbotsford, Vic 3067"
14987,"51 Church Street, Fitzroy North, Vic 3068"
14988,"3/57 Victoria Road, Northcote, Vic 3070"
14989,"REF 043002/180 City Road, Southbank, Vic 3006"
14990,"17/2 The Vaucluse, Richmond, Vic 3121"
14991,"403B/3 Brewery Lane, Collingwood, Vic 3066"
14992,"12 Lynott Street, St Kilda, Vic 3182"
14993,"1C/657 Chapel Street, South Yarra, Vic 3141"
14994,"1604/68 Dorcas Street, South Melbourne, Vic 3205"
14995,"35/212 The Avenue, Parkville, Vic 3052"
14996,"Rear/320 Burnley Street, Richmond, Vic 3121"
14997,"907/50 Lorimer Street, Docklands, Vic 3008"
14998,"1/324 Walsh Street, South Yarra, Vic 3141"
14999,"6/7 Adam Street, Richmond, Vic 3121"
15000,"18/69 Palmer Street, Richmond, Vic 3121"
15001,"112 Park Street, South Melbourne, Vic 3205"
15002,"304/109 Inkerman Street, St Kilda, Vic 3182"
15003,"1/69 Richmond Terrace, Richmond, Vic 3121"
15004,"REF 051425/39 Dorcas Street, South Melbourne, Vic 3205"
15005,"2/51 Cunningham Street, Northcote, Vic 3070"
15006,"2104/46-50 Haig Street, Southbank, Vic 3006"
15007,"38/11 Marine Parade, St Kilda, Vic 3182"
15008,"13/76-80 Grey Street, St Kilda, Vic 3182"
15009,"6/6 Wimmera Place, St Kilda, Vic 3182"
15010,"606/33 Racecourse Road, North Melbourne, Vic 3051"
15011,"9/25 Charnwood Road, St Kilda, Vic 3182"
15012,"1/25 Octavia Street, St Kilda, Vic 3182"
15013,"37 Earl Street, Prahran, Vic 3181"
15014,"105/25 Clifton Street, Prahran, Vic 3181"
15015,"1311/6-22 Pearl River Road, Docklands, Vic 3008"
15016,"3/14 Tivoli Place, South Yarra, Vic 3141"
15017,"2003/45 Haig Street, Southbank, Vic 3006"
15018,"5/4 Irwell Street, St Kilda, Vic 3182"
15019,"6/171 Greville Street, Prahran, Vic 3181"
15020,"13/6 Karbarook Avenue, Prahran, Vic 3181"
15021,"197/100 Kavanagh St, Southbank, Vic 3006"
15022,"303S/889 Collins St, Docklands, Vic 3008"
15023,"142 High Street, Northcote, Vic 3070"
15024,"69 Nelson Road, South Melbourne, Vic 3205"
15025,"12/47 Davison Street, Richmond, Vic 3121"
15026,"27 Charlotte Street, Richmond, Vic 3121"
15027,"65 Botherambo Street, Richmond, Vic 3121"
15028,"32 Jessie Street, Northcote, Vic 3070"
15029,"514/11 Flockhart Street, Abbotsford, Vic 3067"
15030,"1 King Street, Richmond, Vic 3121"
15031,"207/244 Dorcas Street, South Melbourne, Vic 3205"
15032,"11/71a Tanner Street, Richmond, Vic 3121"
15033,"34/140 Queens Parade, Fitzroy North, Vic 3068"
15034,"28 Westbourne Street, Prahran, Vic 3181"
15035,"1/15 Lewisham Road, Prahran, Vic 3181"
15036,"28 Bowen Street, Prahran, Vic 3181"
15037,"16/77 River Street, South Yarra, Vic 3141"
15038,"9/38A Kensington Road, South Yarra, Vic 3141"
15039,"12/35 Darling Street, South Yarra, Vic 3141"
15040,"308/173 Barkly Street, St Kilda, Vic 3182"
15041,"17/81 Edinburgh Street, Richmond, Vic 3121"
15042,"6/3 Herbert Street, St Kilda, Vic 3182"
15043,"3605/35 Queensbridge Street, Southbank, Vic 3006"
15044,"1408/105 Clarendon Street, Southbank, Vic 3006"
15045,"413/85-87 High Street, Prahran, Vic 3181"
15046,"2/K3 High Street, Prahran, Vic 3181"
15047,"5/51 Stawell  Street, West Melbourne, Vic 3003"
15048,"33 Marriott Street, St Kilda, Vic 3182"
15049,"913/338  Kings Way, South Melbourne, Vic 3205"
15050,"605/33 Blackwood Street, North Melbourne, Vic 3051"
15051,"233/173 City Road, Southbank, Vic 3006"
15052,"84 Bennett Street, Fitzroy North, Vic 3068"
15053,"27 Egan Street, Richmond, Vic 3121"
15054,"1507/81 South Wharf Drive, Docklands, Vic 3008"
15055,"G04/183 Bridge Road, Richmond, Vic 3121"
15056,"685 Brunswick Street North, Fitzroy North, Vic 3068"
15057,"110N/229 Toorak Road, South Yarra, Vic 3141"
15058,"1903/661 Chapel Street, South Yarra, Vic 3141"
15059,"4/19 Glanfield Street, Northcote, Vic 3070"
15060,"D307/18 Grosvenor Street, Abbotsford, Vic 3067"
15061,"106A South Wharf Drive, Docklands, Vic 3008"
15062,"108 Park Street, South Yarra, Vic 3141"
15063,"206/163 Fitzroy Street, St Kilda, Vic 3182"
15064,"253/8 Waterside Place, Docklands, Vic 3008"
15065,"10/33 Blackwood Street, North Melbourne, Vic 3051"
15066,"111/60 Siddeley Street, Docklands, Vic 3008"
15067,"105 Clarendon Street, Southbank, Vic 3006"
15068,"105 Clarendon Street, Southbank, Vic 3006"
15069,"102C/640 Swanston Street, Carlton, Vic 3053"
15070,"2/655 Spencer Street, West Melbourne, Vic 3003"
15071,"503/668 Swanston Street, Carlton, Vic 3053"
15072,"8/10 Williams Road, Windsor, Vic 3181"
15073,"1/20 Westgarth Street, Northcote, Vic 3070"
15074,"12/238 The Avenue, Parkville, Vic 3052"
15075,"52 Somerset Street, Richmond, Vic 3121"
15076,"2114/9 Power Street, Southbank, Vic 3006"
15077,"17 Myrtle Street, South Yarra, Vic 3141"
15078,"2/44 Murphy Street, South Yarra, Vic 3141"
15079,"A111/33 Inkerman Street, St Kilda, Vic 3182"
15080,"285/8 Waterside Place, Docklands, Vic 3008"
15081,"138 Dover Street, Richmond, Vic 3121"
15082,"7/1 Barnet Way, Richmond, Vic 3121"
15083,"2706N/241 Harbour Esplanade, Docklands, Docklands, Vic 3008"
15084,"307/4 Bik Lane, Fitzroy North, Vic 3068"
15085,"7/10 Carlisle Street, St Kilda, Vic 3182"
15086,"4/416 Gore Street, Fitzroy, Vic 3065"
15087,"1/204 Clarke Street, Northcote, Vic 3070"
15088,"7/7-9 Irving Avenue, Prahran, Vic 3181"
15089,"9/30 Wynnstay Road, Prahran, Vic 3181"
15090,"2/133 Alexandra Avenue, South Yarra, Vic 3141"
15091,"1304/39 Coventry Street, Southbank, Vic 3006"
15092,"213 Burnley Street, Richmond, Vic 3121"
15093,"110/60 Siddeley Street, Docklands, Vic 3008"
15094,"32/1 St Kilda Road, St Kilda, Vic 3182"
15095,"144 Beavers Road, Northcote, Vic 3070"
15096,"50 Andrew Street, Northcote, Vic 3070"
15097,"7/242 Punt Road, Prahran, Vic 3181"
15098,"12 Moubray Lane, Albert Park, Vic 3206"
15099,"8/81 Alexandra Avenue, South Yarra, Vic 3141"
15100,"40 Reed Street, Albert Park, Vic 3206"
15101,"661B Chapel Street, South Yarra, Vic 3141"
15102,"661 Chapel Street, South Yarra, Vic 3141"
15103,"315/1 Freshwater Place, Southbank, Vic 3006"
15104,"116 Lennox Street, Richmond, Vic 3121"
15105,"312/270 High Street, Prahran, Vic 3181"
15106,"6 Ward Street, South Melbourne, Vic 3205"
15107,"207/100  Kavanagh St, Southbank, Vic 3006"
15108,"25 Alma Road, St Kilda, Vic 3182"
15109,"304B/21 Inkerman Street, St Kilda, Vic 3182"
15110,"401/68 Leveson Street, North Melbourne, Vic 3051"
15111,"1/41 Murray Street, Prahran, Vic 3181"
15112,"6/192 Cecil Street, South Melbourne, Vic 3205"
15113,"503/123 Pelham Street, Carlton, Vic 3053"
15114,"2/64 Kerferd Road, Albert Park, Vic 3206"
15115,"125/68 Leveson street, North Melbourne, Vic 3051"
15116,"4 Parkville Street, Richmond, Vic 3121"
15117,"1306/60 Lorimer Street, Docklands, Vic 3008"
15118,"1116/8 Marmion Place, Docklands, Vic 3008"
15119,"1306/2-6 St Kilda Road, St Kilda, Vic 3182"
15120,"413/6 Acacia Place, Abbotsford, Vic 3067"
15121,"5/173 High Street, Prahran, Vic 3181"
15122,"1711/105 Clarendon Street, Southbank, Vic 3006"
15123,"10/79 Alexandra Avenue, South Yarra, Vic 3141"
15124,"3/35 Carlisle Street, St Kilda, Vic 3182"
15125,"21 Griffiths Street, Richmond, Vic 3121"
15126,"A/9 Dryburgh Street, West Melbourne, Vic 3003"
15127,"B/9 Dryburgh Street, West Melbourne, Vic 3003"
15128,"4/50 Walsh  Street, South Yarra, Vic 3141"
15129,"1303N/229 Toorak Road, South Yarra, Vic 3141"
15130,"171A Clarke Street, Northcote, Vic 3070"
15131,"48 Argo Street, South Yarra, Vic 3141"
15132,"2BR/33 Judd Street, Richmond, Vic 3121"
15133,"8/3 Arthur Street, South Yarra, Vic 3141"
15134,"1A Wertheim Street, Richmond, Vic 3121"
15135,"27 Type Street, Richmond, Vic 3121"
15136,"2303/68-70 Dorcas Street, Southbank, Vic 3006"
15137,"104/30 Burnley Street, Richmond, Vic 3121"
15138,"6/15 Wrexham Road, Windsor, Vic 3181"
15139,"1501/68 Dorcas  Street, Southbank, Vic 3006"
15140,"32 Gardner Street, Richmond, Vic 3121"
15141,"4/323 Church Street, Richmond, Vic 3121"
15142,"17 Wellington Street, Richmond, Vic 3121"
15143,"14 Clara Street, South Yarra, Vic 3141"
15144,"4a Gardner Street, Richmond, Vic 3121"
15145,"11 Leeds Street, Richmond, Vic 3121"
15146,"204/18 Waterview Walk, Docklands, Vic 3008"
15147,"206/18 Hull Street, Richmond, Vic 3121"
15148,"3/79 Yarra Street, Abbotsford, Vic 3067"
15149,"1805/58 Clarke Street, Southbank, Vic 3006"
15150,"156 Curzon Street, North Melbourne, Vic 3051"
15151,"11/62 Cunningham Street, Northcote, Vic 3070"
15152,"606/2 Mcgoun Street, Richmond, Vic 3121"
15153,"7/180 Albert Street, East Melbourne, Vic 3002"
15154,"209/44 Barkly Street, St Kilda, Vic 3182"
15155,"15/228 The Avenue, Parkville, Vic 3052"
15156,"15/3-25 Hanover Street, Fitzroy, Vic 3065"
15157,"205/264 Drummond Street, Carlton, Vic 3053"
15158,"124 Arthurton Road, Northcote, Vic 3070"
15159,"S1304/8 Waterview Walk, Docklands, Vic 3008"
15160,"1/88 Cunningham Street, Northcote, Vic 3070"
15161,"130/55 Villiers Street, North Melbourne, Vic 3051"
15162,"7/22-24 Leopold Street, South Yarra, Vic 3141"
15163,"19/538 Swanston Street, Carlton, Vic 3053"
15164,"1/89 Church Street, Richmond, Vic 3121"
15165,"716/33 Judd Street, Richmond, Vic 3121"
15166,"606/33 Judd Street, Richmond, Vic 3121"
15167,"119/33 Judd Street, Richmond, Vic 3121"
15168,"320/33 Judd Street, Richmond, Vic 3121"
15169,"2502/105 Clarendon St, Southbank, Vic 3006"
15170,"808/33 Judd Street, Richmond, Vic 3121"
15171,"410/33 Judd Street, Richmond, Vic 3121"
15172,"407/33 Judd Street, Richmond, Vic 3121"
15173,"206/33 Judd Street, Richmond, Vic 3121"
15174,"104/85-87 High Street, Prahran, Vic 3181"
15175,"4/88 Wellington Street, St Kilda, Vic 3182"
15176,"307/459-473 Malvern Road, South Yarra, Vic 3141"
15177,"23 Otter Street, Collingwood, Vic 3066"
15178,"170B Bastings Street, Northcote, Vic 3070"
15179,"546 Victoria Parade, East Melbourne, Vic 3002"
15180,"223/8 Waterside Place, Docklands, Vic 3008"
15181,"52M/9 Waterside Place, Docklands, Vic 3008"
15182,"127 Cobden Street, South Melbourne, Vic 3205"
15183,"1902/33 Clarke Street, Southbank, Vic 3006"
15184,"2/79 Yarra Street, Abbotsford, Vic 3067"
15185,"406/129 Fitzroy Street, St Kilda, Vic 3182"
15186,"17/36 Egan Street, Richmond, Vic 3121"
15187,"172 Pickles Street, South Melbourne, Vic 3205"
15188,"6403/35 Queensbridge Street, Southbank, Vic 3006"
15189,"13 Cromwell Place, South Yarra, Vic 3141"
15190,"1.04/404-412 High Street, Northcote, Vic 3070"
15191,"8/70-74 Nicholson Street, Fitzroy, Vic 3065"
15192,"95 Hoddle Street, Richmond, Vic 3121"
15193,"1321/65 Coventry Street, Southbank, Vic 3006"
15194,"33 Coventry, Southbank, Vic 3006"
15195,"33 Coventry Street, Southbank, Vic 3006"
15196,"11/43 Grandview Grove, Prahran, Vic 3181"
15197,"16/19 Irving Avenue, Prahran, Vic 3181"
15198,"12 Chapel Mews, South Yarra, Vic 3141"
15199,"2911/9 Power Street, Southbank, Vic 3006"
15200,"1106/26 Southgate Avenue, Southbank, Vic 3006"
15201,"4/8 Irving Avenue, Prahran, Vic 3181"
15202,"8/34 Davis Avenue, South Yarra, Vic 3141"
15203,"R211/70 Dorcas Street, Southbank, Vic 3006"
15204,"28 Argo Street, South Yarra, Vic 3141"
15205,"205/27-31 Herbert Street, St Kilda, Vic 3182"
15206,"DG07/18 Grosvenor Street, Abbotsford, Vic 3067"
15207,"4306/35 Queensbridge Street, Southbank, Vic 3006"
15208,"51/190 Albert Street, East Melbourne, Vic 3002"
15209,"126 Lorimer Street, Docklands, Vic 3008"
15210,"2303/58 Clarke Street, Southbank, Vic 3006"
15211,"1506/100 Lorimer Street, Docklands, Vic 3008"
15212,"105 Clarendon Street, Southbank, Vic 3006"
15213,"1/43 Park Street, St Kilda, Vic 3182"
15214,"361 Dorcas Street, South Melbourne, Vic 3205"
15215,"14 Reid Street, Northcote, Vic 3070"
15216,"402/47 Claremont Street, South Yarra, Vic 3141"
15217,"117/71 Abinger Street, Richmond, Vic 3121"
15218,"56/73 River Street, Richmond, Vic 3121"
15219,"213/145 Roden Street, West Melbourne, Vic 3003"
15220,"B/173 City Road, Southbank, Vic 3006"
15221,"B/183 City Road, Southbank, Vic 3006"
15222,"14 York Street, Prahran, Vic 3181"
15223,"1808/81 South Wharf Drive, Docklands, Vic 3008"
15224,"11/47 Westbank Terrace, Richmond, Vic 3121"
15225,"304/1 Encounter Way, Docklands, Vic 3008"
15226,"224/11 Lithgow Street, Abbotsford, Vic 3067"
15227,"25/44 Fitzroy Street, St Kilda, Vic 3182"
15228,"5/2 Dickens Street, Richmond, Vic 3121"
15229,"307/51 Napoleon Street, Collingwood, Vic 3066"
15230,"1217/39 Coventry Street, Southbank, Vic 3006"
15231,"P17/3-5 St Kilda Road, St Kilda, Vic 3182"
15232,"20/38A Kensington Road, South Yarra, Vic 3141"
15233,"27 Hodgson Terrace, Richmond, Vic 3121"
15234,"507/4-10 Daly Street, South Yarra, Vic 3141"
15235,"6/176 Walsh Street, South Yarra, Vic 3141"
15236,"19/104 The Avenue, Parkville, Vic 3052"
15237,"47 Beaconsfield  Parade, Albert Park, Vic 3206"
15238,"2307/1 Freshwater Place, Southbank, Vic 3006"
15239,"5/278 Domain Road, South Yarra, Vic 3141"
15240,"3.03/28 Mount Street, Prahran, Vic 3181"
15241,"803/140 Dudley Street, West Melbourne, Vic 3003"
15242,"222/8 Daly Street, South Yarra, Vic 3141"
15243,"21/21 Bruce Street, South Yarra, Vic 3141"
15244,"4002/7 Riverside Quay, Southbank, Vic 3006"
15245,"40 Brooke Street, Albert Park, Vic 3206"
15246,"406/100 Kavanagh Street, Southbank, Vic 3006"
15247,"86 Buckingham Street, Richmond, Vic 3121"
15248,"5C06/570 Lygon Street, Carlton, Vic 3053"
15249,"REF 040312/38 Bank Street, South Melbourne, Vic 3205"
15250,"S904/231 Harbour Esplanade, Docklands, Vic 3008"
15251,"174 Gore Street, Fitzroy, Vic 3065"
15252,"459 King Street, West Melbourne, Vic 3003"
15253,"E301/5 Greeves Street, St Kilda, Vic 3182"
15254,"2011/100 Harbour Esplanade, Docklands, Vic 3008"
15255,"1308/81 South Wharf Drive, Docklands, Vic 3008"
15256,"124/253 Bridge Road, Richmond, Vic 3121"
15257,"310/10-13 Porter Street, Prahran, Vic 3181"
15258,"207P/3 Clara Street, South Yarra, Vic 3141"
15259,"1502/9 Power Street, Southbank, Vic 3006"
15260,"2C Slater Street, Northcote, Vic 3070"
15261,"2603/35 Malcolm Street, South Yarra, Vic 3141"
15262,"B306/8 Grosvenor Street, Abbotsford, Vic 3067"
15263,"1307/46-50 Haig Street, Southbank, Vic 3006"
15264,"422/601 Victoria Street, Abbotsford, Vic 3067"
15265,"F508/7 Greeves Street, St Kilda, Vic 3182"
15266,"807S/889 Collins Street, Docklands, Vic 3008"
15267,"4/2 Union Street, Richmond, Vic 3121"
15268,"114/125 Turner Street, Abbotsford, Vic 3067"
15269,"18/30 Mater Street, Collingwood, Vic 3066"
15270,"613/31 Grattan Street, Prahran, Vic 3181"
15271,"65 Raleigh Street, Prahran, Vic 3181"
15272,"25/114 Dodds St, Southbank, Vic 3006"
15273,"10/60 Carlisle Street, St Kilda, Vic 3182"
15274,"611/163 Cremorne Street, Richmond, Vic 3121"
15275,"19 Campbell Street, Richmond, Vic 3121"
15276,"78 Chapel Street, St Kilda, Vic 3182"
15277,"53/111 Merchant Street, Docklands, Vic 3008"
15278,"E213/11 Flockhart Street, Abbotsford, Vic 3067"
15279,"310/108 Haines Street, North Melbourne, Vic 3051"
15280,"16 Roden Street, West Melbourne, Vic 3003"
15281,"2 + 2/33 Judd Street, Richmond, Vic 3121"
15282,"302/88 Trenerry Crescent, Abbotsford, Vic 3067"
15283,"404/2 Mcgoun Street, Richmond, Vic 3121"
15284,"4B/89 Church Street, Richmond, Vic 3121"
15285,"2 Foundry Way, Docklands, Vic 3008"
15286,"102/320 St Kilda Road, Southbank, Vic 3006"
15287,"8 Emerald Street, South Melbourne, Vic 3205"
15288,"33 Judd Street, Richmond, Vic 3121"
15289,"1BR/33 Judd Street, Richmond, Vic 3121"
15290,"4208/7 Riverside Quay, Southbank, Vic 3006"
15291,"11 Richmond Terrace, Richmond, Vic 3121"
15292,"2608/105  Clarendon St, Southbank, Vic 3006"
15293,"911/22 Dorcas Street, Southbank, Vic 3006"
15294,"5501/1 Queensbridge Square, Southbank, Vic 3006"
15295,"205/2 Mcgoun Street, Richmond, Vic 3121"
15296,"68-70 Dorcas Street, Southbank, Vic 3006"
15297,"37/101 Leveson Street, North Melbourne, Vic 3051"
15298,"2/217 Bridport Street West, Albert Park, Vic 3206"
15299,"812/677 La Trobe Street, Docklands, Vic 3008"
15300,"216/38 Cunningham Street, South Yarra, Vic 3141"
15301,"209/33 Judd Street, Richmond, Vic 3121"
15302,"7 Palmer Street, Richmond, Vic 3121"
15303,"3/90 Clowes Street, South Yarra, Vic 3141"
15304,"2602/50 Lorimer Street, Docklands, Vic 3008"
15305,"10/1-3 York Street, Prahran, Vic 3181"
15306,"11/1-3 York Street, Prahran, Vic 3181"
15307,"5/210 High Street, Windsor, Vic 3181"
15308,"902/665 Chapel Street, South Yarra, Vic 3141"
15309,"2207/68-70 Dorcas Street, Southbank, Vic 3006"
15310,"406/68-70 Dorcas Street, Southbank, Vic 3006"
15311,"2110/68-70 Dorcas Street, Southbank, Vic 3006"
15312,"2301/68-70 Dorcas Street, Southbank, Vic 3006"
15313,"503/37-39 Bosisto Street, Richmond, Vic 3121"
15314,"108 Munster Terrace, North Melbourne, Vic 3051"
15315,"5002/35 Queensbridge Street, Southbank, Vic 3006"
15316,"3/432 Punt Road, South Yarra, Vic 3141"
15317,"30 Mountain Street, South Melbourne, Vic 3205"
15318,"10/108 Mary Street, Richmond, Vic 3121"
15319,"114/13 Acacia Place, Richmond, Vic 3121"
15320,"194 Moor Street, Fitzroy, Vic 3065"
15321,"1506D/21 Robert Street, Collingwood, Vic 3066"
15322,"49 Cobden Street, South Melbourne, Vic 3205"
15323,"142/73 River Street, Richmond, Vic 3121"
15324,"1903/33 Coventry Street, Southbank, Vic 3006"
15325,"2603/70 Lorimer Street, Docklands, Vic 3008"
15326,"95A Clauscen Street, Fitzroy North, Vic 3068"
15327,"2301/50 Albert Road, South Melbourne, Vic 3205"
15328,"202R/88 Trenerry Crescent, Abbotsford, Vic 3067"
15329,"1/300  Young  Street, Fitzroy, Vic 3065"
15330,"6/20 Docker Street, Richmond, Vic 3121"
15331,"3/25 Hotham Street, East Melbourne, Vic 3002"
15332,"12/165 Hotham Street, East Melbourne, Vic 3002"
15333,"101/57 Toorak Road, South Yarra, Vic 3141"
15334,"70 Pumpkin Lane, St Kilda, Vic 3182"
15335,"108. Munster Terrace, North Melbourne, Vic 3051"
15336,"312/31 Grattan Street, Prahran, Vic 3181"
15337,"901/81 South Wharf Drive, Docklands, Vic 3008"
15338,"117/42 Ralston Street, South Yarra, Vic 3141"
15339,"12/350 Beaconsfield Pde, St Kilda, Vic 3182"
15340,"1 Gough Street, Richmond, Vic 3121"
15341,"5107/35 Queensbridge Street, Southbank, Vic 3006"
15342,"5/23 Albert Street, East Melbourne, Vic 3002"
15343,"122 Park Street, South Melbourne, Vic 3205"
15344,"1101/12 Yarra Street, South Yarra, Vic 3141"
15345,"909S/8 Waterview Walk, Docklands, Vic 3008"
15346,"47 Hunter Street, Richmond, Vic 3121"
15347,"26 Malleson Street, Richmond, Vic 3121"
15348,"107/1 Turner Street, Abbotsford, Vic 3067"
15349,"1708/28 Bouverie Street, Carlton, Vic 3053"
15350,"103/130 Errol Stret, North Melbourne, Vic 3051"
15351,"1906/50 Lorimer Street, Docklands, Vic 3008"
15352,"4002/7 Riverside Quay, Southbank, Vic 3006"
15353,"3502/90 Lorimer Street, Docklands, Vic 3008"
15354,"1105/3 Yarra Street, South Yarra, Vic 3141"
15355,"9/25 Adams Street, South Yarra, Vic 3141"
15356,"6 Hardy Street, South Yarra, Vic 3141"
15357,"602/1A Peel Street, Windsor, Vic 3181"
15358,"207/8 Daly Street, South Yarra, Vic 3141"
15359,"505/2 Mcgoun Street, Richmond, Vic 3121"
15360,"323/88 Kavanagh St, Southbank, Vic 3006"
15361,"7/393 Toorak Road, South Yarra, Vic 3141"
15362,"7th Floor/60 Siddeley Street, Docklands, Vic 3008"
15363,"21/21 Park Street, South Melbourne, Vic 3205"
15364,"18/1 St David Street, Fitzroy, Vic 3065"
15365,"2A Quamby Avenue, South Yarra, Vic 3141"
15366,"113 Abbotsford Street, North Melbourne, Vic 3051"
15367,"3601/35 Queensbridge Street, Southbank, Vic 3006"
15368,"216/60 Siddeley Street, Docklands, Vic 3008"
15369,"112 Michael Street, Fitzroy North, Vic 3068"
15370,"6/2 King Street, Prahran, Vic 3181"
15371,"6/12 Cromwell Road, South Yarra, Vic 3141"
15372,"257 Moray Street, South Melbourne, Vic 3205"
15373,"36/117-121 Rathdowne Street, Carlton, Vic 3053"
15374,"1301/33 Coventry Street, Southbank, Vic 3006"
15375,"121/3-5 St Kilda Road, St Kilda, Vic 3182"
15376,"6/14 Mitford Street, St Kilda, Vic 3182"
15377,"3/53 Kellett Street, Northcote, Vic 3070"
15378,"3/94-96 Studley Street, Abbotsford, Vic 3067"
15379,"32/22-24 Bosisto Street, Richmond, Vic 3121"
15380,"14/43 Haines Street, North Melbourne, Vic 3051"
15381,"8/23 Acland Street, St Kilda, Vic 3182"
15382,"803D/21 Robert Street, Collingwood, Vic 3066"
15383,"307A/33 Inkerman Street, St Kilda, Vic 3182"
15384,"306/25-29 Alma Road, St Kilda, Vic 3182"
15385,"38/355 Rathdowne Street, Carlton, Vic 3053"
15386,"11/220 Elgin Street, Carlton, Vic 3053"
15387,"322/268 FLINDERS STREET,MELBOURNE,VIC,3000"
15388,"74/546 FLINDERS STREET,MELBOURNE,VIC,3000"
15389,"2311/601 Little Lonsdale Street,MELBOURNE,VIC,3000"
15390,"3302/327 La Trobe Street,MELBOURNE,VIC,3000"
15391,"171/15 Collins Street,MELBOURNE,VIC,3000"
15392,"1216/218 A'BECKETT STREET,MELBOURNE,VIC,3000"
15393,"6005/135 A'Beckett Street,MELBOURNE,VIC,3000"
15394,"1401/480 St Kilda Road,,MELBOURNE,VIC,3000"
15395,"404/555 St Kilda Road,MELBOURNE,VIC,3000"
15396,"802/350 La Trobe  Street,MELBOURNE,VIC,3000"
15397,"379/299 Spring  Street,MELBOURNE,VIC,3000"
15398,"11/5 Davisons Place,MELBOURNE,VIC,3000"
15399,"1105/25 Wills Street,MELBOURNE,VIC,3000"
15400,"1501/620 Collins Street,MELBOURNE,VIC,3000"
15401,"2408/265 Exhibition Street,MELBOURNE,VIC,3000"
15402,"1706/243 Franklin Street,MELBOURNE,VIC,3000"
15403,"2003/27 Little Collins Street,MELBOURNE,VIC,3000"
15404,"2602/500 Elizabeth Street,MELBOURNE,VIC,3000"
15405,"1701/35 Spring Street,MELBOURNE,VIC,3000"
15406,"1607/22-40 Wills Street,MELBOURNE,VIC,3000"
15407,"1406/8 Sutherland Street,MELBOURNE,VIC,3000"
15408,"404/68 La Trobe Street,MELBOURNE,VIC,3000"
15409,"1216/218 A'BECKETT STREET,MELBOURNE,VIC,3000"
15410,"3806/80 A'BECKETT STREET,MELBOURNE,VIC,3000"
15411,"2406/5 Sutherland Street,MELBOURNE,VIC,3000"
15412,"4506/27 Therry Street,MELBOURNE,VIC,3000"
15413,"REF 051603/618 Lonsdale Street,MELBOURNE,VIC,3000"
15414,"706/8 Sutherland Street,MELBOURNE,VIC,3000"
15415,"904/108 Flinders Street,MELBOURNE,VIC,3000"
15416,"1411/8 Downie Street,MELBOURNE,VIC,3000"
15417,"REF 051628/33 La Trobe Street,MELBOURNE,VIC,3000"
15418,"713/639 Lonsdale Street,MELBOURNE,VIC,3000"
15419,"408/616 Little Collins Street,MELBOURNE,VIC,3000"
15420,"5.4/201 Spring Street,MELBOURNE,VIC,3000"
15421,"712/547 Flinders Lane,MELBOURNE,VIC,3000"
15422,"1808/181 A'Beckett Street,MELBOURNE,VIC,3000"
15423,"1506/200 Spencer Street,MELBOURNE,VIC,3000"
15424,"402/639 Little Bourke Street,MELBOURNE,VIC,3000"
15425,"2508/483 Swanston Street,MELBOURNE,VIC,3000"
15426,"2106S/220 Spencer Street,MELBOURNE,VIC,3000"
15427,"1105/25 Therry Street,MELBOURNE,VIC,3000"
15428,"1213/25 Therry Street,MELBOURNE,VIC,3000"
15429,"3608/5 Sutherland Street,MELBOURNE,VIC,3000"
15430,"1013/25 Therry Street,MELBOURNE,VIC,3000"
15431,"136/538 Little Lonsdale St,MELBOURNE,VIC,3000"
15432,"3408/500 Elizabeth Street,MELBOURNE,VIC,3000"
15433,"REF 051610/181 A'Beckett Street,MELBOURNE,VIC,3000"
15434,"312/58 LA TROBE STREET,MELBOURNE,VIC,3000"
15435,"32/458 St Kilda Road,MELBOURNE,VIC,3000"
15436,"30/180 Little Collins Street,MELBOURNE,VIC,3000"
15437,"5405/500 Elizabeth Street,MELBOURNE,VIC,3000"
15438,"2307/27 Therry Street,MELBOURNE,VIC,3000"
15439,"G04/360 St Kilda  Road,MELBOURNE,VIC,3000"
15440,"4/43 Little Bourke Street,MELBOURNE,VIC,3000"
15441,"31 A'Beckett Street,MELBOURNE,VIC,3000"
15442,"105 Clarendon Street,MELBOURNE,VIC,3000"
15443,"4408 27 Therry Street,MELBOURNE,VIC,3000"
15444,"1402/35 Spring Street,MELBOURNE,VIC,3000"
15445,"4517/220 Spencer Street,MELBOURNE,VIC,3000"
15446,"4508/27 Therry Street,MELBOURNE,VIC,3000"
15447,"1.1/201 Spring Street,MELBOURNE,VIC,3000"
15448,"109/238 Flinders Lane,MELBOURNE,VIC,3000"
15449,"2509/200 SPENCER STREET,MELBOURNE,VIC,3000"
15450,"REF 041200/668 Bourke Street,MELBOURNE,VIC,3000"
15451,"1204/68 La Trobe Street,MELBOURNE,VIC,3000"
15452,"2401/27 Therry Street,MELBOURNE,VIC,3000"
15453,"1007/8 Franklin Street,MELBOURNE,VIC,3000"
15454,"4204/483 Swanston Street,MELBOURNE,VIC,3000"
15455,"3206/483 Swanston Street,MELBOURNE,VIC,3000"
15456,"1704/8 Franklin Street,MELBOURNE,VIC,3000"
15457,"3502/279 LA TROBE STREET,MELBOURNE,VIC,3000"
15458,"REF 050808/601 Little Lonsdale Street,MELBOURNE,VIC,3000"
15459,"16/153 La Trobe Street,MELBOURNE,VIC,3000"
15460,"1117/220 Spencer Street,MELBOURNE,VIC,3000"
15461,"REF 050911/618 Lonsdale Street,MELBOURNE,VIC,3000"
15462,"3801/450 Elizabeth Street,MELBOURNE,VIC,3000"
15463,"B2/618 Lonsdale Street,MELBOURNE,VIC,3000"
15464,"REF 240108/601 Little Lonsdale Street,MELBOURNE,VIC,3000"
15465,"B/601 Little Lonsdale Street,MELBOURNE,VIC,3000"
15466,"54-64 A'Beckett Street,MELBOURNE,VIC,3000"
15467,"1604/22-24 Jane Bell Lane,MELBOURNE,VIC,3000"
15468,"1608/151 Berkeley Street,MELBOURNE,VIC,3000"
15469,"4402/33 ROSE LANE,MELBOURNE,VIC,3000"
15470,"706/22-40 Wills Street,MELBOURNE,VIC,3000"
15471,"1710/639 LONSDALE STREET,MELBOURNE,VIC,3000"
15472,"2605/200 Spencer Street,MELBOURNE,VIC,3000"
15473,"2605/605 Lonsdale Street,MELBOURNE,VIC,3000"
15474,"714/339 SWANSTON STREET,MELBOURNE,VIC,3000"
15475,"42/398 La Trobe Street,MELBOURNE,VIC,3000"
15476,"1505/270 King Street,MELBOURNE,VIC,3000"
15477,"810/200 Spencer Street,MELBOURNE,VIC,3000"
15478,"409/151 Berkeley Street,MELBOURNE,VIC,3000"
15479,"1507/565 Flinders  Street,MELBOURNE,VIC,3000"
15480,"1908/483 Swanston Street,MELBOURNE,VIC,3000"
15481,"1311/618 Lonsdale Street,MELBOURNE,VIC,3000"
15482,"505/55 Queens Road,MELBOURNE,VIC,3000"
15483,"2705/8 Franklin Street,MELBOURNE,VIC,3000"
15484,"4607/80 A'BECKETT STREET,MELBOURNE,VIC,3000"
15485,"2601/5 Sutherland Street,MELBOURNE,VIC,3000"
15486,"712/25 Therry Street,MELBOURNE,VIC,3000"
15487,"2009/25 Therry Street,MELBOURNE,VIC,3000"
15488,"REF 050755/283 Spring Street,MELBOURNE,VIC,3000"
15489,"2312/39 Lonsdale Street,MELBOURNE,VIC,3000"
15490,"2405/318 Russell Street,MELBOURNE,VIC,3000"
15491,"REF 051100/668 Bourke Street,MELBOURNE,VIC,3000"
15492,"2402/639 LONSDALE STREET,MELBOURNE,VIC,3000"
15493,"213/29 Market Street,MELBOURNE,VIC,3000"
15494,"311 EXHIBITION ST,MELBOURNE,VIC,3000"
15495,"REF 021612/618 Lonsdale Street,MELBOURNE,VIC,3000"
15496,"39/24 Little Bourke Street,MELBOURNE,VIC,3000"
15497,"1302/82 Queens Road,MELBOURNE,VIC,3000"
15498,"1502/39 LONSDALE STREET,MELBOURNE,VIC,3000"
15499,"904/25 Therry street,MELBOURNE,VIC,3000"
15500,"1313/22-24 JANE BELL LANE,MELBOURNE,VIC,3000"
15501,"21/201 Spring Street,MELBOURNE,VIC,3000"
15502,"REF 050709/601 Little Lonsdale Street,MELBOURNE,VIC,3000"
15503,"REF 050805/618 Lonsdale Street,MELBOURNE,VIC,3000"
15504,"3909/601 Little Lonsdale Street,MELBOURNE,VIC,3000"
15505,"801/455 ELIZABETH STREET,MELBOURNE,VIC,3000"
15506,"REF 051107/668 Bourke Street,MELBOURNE,VIC,3000"
15507,"288 Spencer Street,MELBOURNE,VIC,3000"
15508,"36/243 Collins Street,MELBOURNE,VIC,3000"
15509,"B/618 Lonsdale Street,MELBOURNE,VIC,3000"
15510,"2304/181 A'beckett Street,MELBOURNE,VIC,3000"
15511,"904/31 A'beckett Street,MELBOURNE,VIC,3000"
15512,"REF 042410/601 Little Lonsdale Street,MELBOURNE,VIC,3000"
15513,"REF 050710/601 Little Lonsdale Street,MELBOURNE,VIC,3000"
15514,"706/108 Flinders Street,MELBOURNE,VIC,3000"
15515,"503/470 St Kilda Road,MELBOURNE,VIC,3000"
15516,"704/639 LONSDALE STREET,MELBOURNE,VIC,3000"
15517,"3708/279-289 La Trobe Street,MELBOURNE,VIC,3000"
15518,"204/18 Russell Place,MELBOURNE,VIC,3000"
15519,"3703/200 Spencer Street,MELBOURNE,VIC,3000"
15520,"405/8 Exploration Lane,MELBOURNE,VIC,3000"
15521,"2206/25-33 Wills Street,MELBOURNE,VIC,3000"
15522,"1048/139 Lonsdale Street,MELBOURNE,VIC,3000"
15523,"A/601 Little Lonsdale Street,MELBOURNE,VIC,3000"
15524,"2503/31 A'Beckett Street,MELBOURNE,VIC,3000"
15525,"1208/280 SPENCER STREET,MELBOURNE,VIC,3000"
15526,"REF 04204/623 Little Bourke Street,MELBOURNE,VIC,3000"
15527,"1609/8 Downie Street,MELBOURNE,VIC,3000"
15528,"1712/220 SPENCER STREET,MELBOURNE,VIC,3000"
15529,"1501/181 A'Beckett Street,MELBOURNE,VIC,3000"
15530,"901/7 Katherine Place,MELBOURNE,VIC,3000"
15531,"1058/139 Lonsdale Street,MELBOURNE,VIC,3000"
15532,"1203/25-33 Wills Street,MELBOURNE,VIC,3000"
15533,"307/5 Sutherland Street,MELBOURNE,VIC,3000"
15534,"101A/441 Lonsdale Street,MELBOURNE,VIC,3000"
15535,"2B/131 Lonsdale Street,MELBOURNE,VIC,3000"
15536,"REF 031504/618 Lonsdale Street,MELBOURNE,VIC,3000"
15537,"322/268 FLINDERS STREET,MELBOURNE,VIC,3000"
15538,"33/546 Flinders Street,MELBOURNE,VIC,3000"
15539,"74/546 FLINDERS STREET,MELBOURNE,VIC,3000"
15540,"REF 043009/181 A'Beckett Street,MELBOURNE,VIC,3000"
15541,"508/253 Franklin Street,MELBOURNE,VIC,3000"
15542,"30/131 Lonsdale Street,MELBOURNE,VIC,3000"
15543,"724/555 Flinders Street,MELBOURNE,VIC,3000"
15544,"705/280 SPENCER STREET,MELBOURNE,VIC,3000"
15545,"REF 050810/181 A'Beckett Street,MELBOURNE,VIC,3000"
15546,"Basement Carpark 3410/200 Spencer Street,MELBOURNE,VIC,3000"
15547,"106 A'Beckett Street,MELBOURNE,VIC,3000"
15548,"11/546 Flinders Street,MELBOURNE,VIC,3000"
15549,"L15 A11/1 Queens Road,MELBOURNE,VIC,3000"
15550,"1102/285 La Trobe Street,MELBOURNE,VIC,3000"
15551,"704/1 Roy Street,MELBOURNE,VIC,3000"
15552,"303/8 Exploration Lane,MELBOURNE,VIC,3000"
15553,"39  Lonsdale Street,MELBOURNE,VIC,3000"
15554,"3907/135 A'Beckett Street,MELBOURNE,VIC,3000"
15555,"404/241 Flinders Lane,MELBOURNE,VIC,3000"
15556,"M101/285 LaTrobe Street,MELBOURNE,VIC,3000"
15557,"2001/151 Franklin Street,MELBOURNE,VIC,3000"
15558,"31/116 Queen Street,MELBOURNE,VIC,3000"
15559,"14/546 Flinders Street,MELBOURNE,VIC,3000"
15560,"503/181 Exhibition Street,MELBOURNE,VIC,3000"
15561,"50/287 Exhibition Street,MELBOURNE,VIC,3000"
15562,"51/30 Russell Street,MELBOURNE,VIC,3000"
15563,"509/360 St Kilda Road,MELBOURNE,VIC,3000"
15564,"201/8 Murphy  Street,SOUTH YARRA,VIC,3141"
15565,"188 Cecil Street,SOUTH MELBOURNE,VIC,3205"
15566,"40 Reed Street,ALBERT PARK,VIC,3206"
15567,"108 Park Street,SOUTH YARRA,VIC,3141"
15568,"4A Canberra Road,TOORAK,VIC,3142"
15569,"4B Canberra Road,TOORAK,VIC,3142"
15570,"1/5 Stillman Street,RICHMOND,VIC,3121"
15571,"17 Wellington Street,RICHMOND,VIC,3121"
15572,"4/323 Church Street,RICHMOND,VIC,3121"
15573,"118 Surrey Road North,SOUTH YARRA,VIC,3141"
15574,"278 Richardson Street,MIDDLE PARK,VIC,3206"
15575,"4/416 Gore Street,FITZROY,VIC,3065"
15576,"12/238 The Avenue,PARKVILLE,VIC,3052"
15577,"35 Armstrong Street,MIDDLE PARK,VIC,3206"
15578,"25 Molesworth Street,PRAHRAN,VIC,3181"
15579,"65 Botherambo Street,RICHMOND,VIC,3121"
15580,"27 Charlotte Street,RICHMOND,VIC,3121"
15581,"12 Lynott Street,ST KILDA,VIC,3182"
15582,"10A West Beach Road,ST KILDA WEST,VIC,3182"
15583,"33 Nimmo Street,MIDDLE PARK,VIC,3206"
15584,"4/29A Lewisham Road,WINDSOR,VIC,3181"
15585,"15/19 MItford Street,ST KILDA,VIC,3182"
15586,"11 Charlotte  Street,COLLINGWOOD,VIC,3066"
15587,"32 Gardner Street,RICHMOND,VIC,3121"
15588,"402/3 Kennedy Avenue,RICHMOND,VIC,3121"
15589,"18/69 Palmer Street,RICHMOND,VIC,3121"
15590,"1/381 Danks Street,MIDDLE PARK,VIC,3206"
15591,"2/562 Toorak Road,TOORAK,VIC,3142"
15592,"314 Punt Road,SOUTH YARRA,VIC,3141"
15593,"11 Leeds Street,RICHMOND,VIC,3121"
15594,"304B/21 Inkerman Street,ST KILDA,VIC,3182"
15595,"1001/32 Bray,SOUTH YARRA,VIC,3141"
15596,"7/10 Carlisle Street,ST KILDA,VIC,3182"
15597,"1903/661 Chapel Street,SOUTH YARRA,VIC,3141"
15598,"2/244 Beaconsfield Parade,MIDDLE PARK,VIC,3206"
15599,"69 Nelson Road,SOUTH MELBOURNE,VIC,3205"
15600,"1/324 Walsh Street,SOUTH YARRA,VIC,3141"
15601,"44 Chestnut Street,RICHMOND,VIC,3121"
15602,"1 Lyell Street,ST KILDA,VIC,3182"
15603,"71B Brighton Street,RICHMOND,VIC,3121"
15604,"1/32 Davis Avenue,SOUTH YARRA,VIC,3141"
15605,"1/41 Murray Street,PRAHRAN,VIC,3181"
15606,"3/14 Tivoli Place,SOUTH YARRA,VIC,3141"
15607,"102/354 Malvern Road,PRAHRAN,VIC,3181"
15608,"5/57 Spenser Street,ST KILDA,VIC,3182"
15609,"22/530 Toorak Road,TOORAK,VIC,3142"
15610,"130/471 Malvern Road,SOUTH YARRA,VIC,3141"
15611,"9/2 Davidson Street,SOUTH YARRA,VIC,3141"
15612,"7/14 Springfield Avenue,TOORAK,VIC,3142"
15613,"1/270 Williams Road,TOORAK,VIC,3142"
15614,"201/106-108 Queensberry Street,CARLTON,VIC,3053"
15615,"8/17 Jackson Street,ST KILDA,VIC,3182"
15616,"9 Millicent Avenue,TOORAK,VIC,3142"
15617,"4 Toorak Avenue,TOORAK,VIC,3142"
15618,"11 Maple Grove,TOORAK,VIC,3142"
15619,"10/79 Alexandra Avenue,SOUTH YARRA,VIC,3141"
15620,"8/12 Garton Street,CARLTON NORTH,VIC,3054"
15621,"5/4 Irwell Street,ST KILDA,VIC,3182"
15622,"3/40 Egan Street,RICHMOND,VIC,3121"
15623,"2/35 The Avenue,WINDSOR,VIC,3181"
15624,"9/39 Somerset Street,RICHMOND,VIC,3121"
15625,"8/162 Chapel Street,ST KILDA,VIC,3182"
15626,"9/758 Orrong Road,TOORAK,VIC,3142"
15627,"5A Longmore Street,ST KILDA WEST,VIC,3182"
15628,"70 Wilson Street,SOUTH YARRA,VIC,3141"
15629,"28 Argo Street,SOUTH YARRA,VIC,3141"
15630,"2/44 Murphy Street,SOUTH YARRA,VIC,3141"
15631,"1/223 Domain Road,SOUTH YARRA,VIC,3141"
15632,"1/69 Richmond Terrace,RICHMOND,VIC,3121"
15633,"2 Millswyn Street,SOUTH YARRA,VIC,3141"
15634,"70 Pumpkin Lane,ST KILDA,VIC,3182"
15635,"13 Winifred  Crescent,TOORAK,VIC,3142"
15636,"8 Balmerino Avenue,TOORAK,VIC,3142"
15637,"26 Ruabon Road,TOORAK,VIC,3142"
15638,"224/11 Lithgow Street,ABBOTSFORD,VIC,3067"
15639,"3/259 Barkly Street,ST KILDA,VIC,3182"
15640,"7/126 Wellington Parade,EAST MELBOURNE,VIC,3002"
15641,"7/180 Albert Street,EAST MELBOURNE,VIC,3002"
15642,"6/14 Lansell Road,TOORAK,VIC,3142"
15643,"194 Moor Street,FITZROY,VIC,3065"
15644,"108/152 Sturt Street,SOUTHBANK,VIC,3006"
15645,"812/677 La Trobe Street,DOCKLANDS,VIC,3008"
15646,"443 Fitzroy Street,FITZROY,VIC,3065"
15647,"3/8 Lascelles Avenue,TOORAK,VIC,3142"
15648,"98 Harold Street,MIDDLE PARK,VIC,3206"
15649,"122 Park Street,SOUTH MELBOURNE,VIC,3205"
15650,"26 Malleson Street,RICHMOND,VIC,3121"
15651,"47 Hunter Street,RICHMOND,VIC,3121"
15652,"1 Gough Street,RICHMOND,VIC,3121"
15653,"3/90 Clowes Street,SOUTH YARRA,VIC,3141"
15654,"78 Chapel Street,ST KILDA,VIC,3182"
15655,"45 Richardson Street,ALBERT PARK,VIC,3206"
15656,"4/2 Union Street,RICHMOND,VIC,3121"
15657,"27 Hodgson Terrace,RICHMOND,VIC,3121"
15658,"95 Hoddle Street,RICHMOND,VIC,3121"
15659,"4/37 Davison Street,RICHMOND,VIC,3121"
15660,"507/4-10 Daly Street,SOUTH YARRA,VIC,3141"
15661,"803/140 Dudley Street,WEST MELBOURNE,VIC,3003"
15662,"32/22-24 Bosisto Street,RICHMOND,VIC,3121"
15663,"60 Bayview Street,PRAHRAN,VIC,3181"
15664,"30 Mountain Street,SOUTH MELBOURNE,VIC,3205"
15665,"5/210 High Street,WINDSOR,VIC,3181"
15666,"11/47 Westbank Terrace,RICHMOND,VIC,3121"
15667,"33/70 Albert Road,SOUTH MELBOURNE,VIC,3205"
15668,"4/22a The Esplanade,ST KILDA,VIC,3182"
15669,"2A Quamby Avenue,SOUTH YARRA,VIC,3141"
15670,"3/16 Eildon Road,ST KILDA,VIC,3182"
15671,"11 Richmond Terrace,RICHMOND,VIC,3121"
15672,"E301/5 Greeves Street,ST KILDA,VIC,3182"
15673,"201/297 Clarendon Street,SOUTH MELBOURNE,VIC,3205"
15674,"36/117-121 Rathdowne Street,CARLTON,VIC,3053"
15675,"1/2 Tennyson Street,ST KILDA,VIC,3182"
15676,"142/73 River Street,RICHMOND,VIC,3121"
15677,"16c Mollison Street,ABBOTSFORD,VIC,3067"
15678,"1/40 - 42 Marne Street,SOUTH YARRA,VIC,3141"
15679,"102/320 St Kilda Road,SOUTHBANK,VIC,3006"
15680,"6/3 Herbert Street,ST KILDA,VIC,3182"
15681,"15/47 Rockley Road,SOUTH YARRA,VIC,3141"
15682,"6/12 Cromwell Road,SOUTH YARRA,VIC,3141"
15683,"201/7 King Street,PRAHRAN,VIC,3181"
15684,"107/1 Turner Street,ABBOTSFORD,VIC,3067"
15685,"7/147-149 Domain Road,SOUTH YARRA,VIC,3141"
15686,"319/253 Bridge Road,RICHMOND,VIC,3121"
15687,"104/8 Bangs Street,PRAHRAN,VIC,3181"
15688,"5/75 Spenser Street,ST KILDA,VIC,3182"
15689,"4/32 Grey Street,ST KILDA,VIC,3182"
15690,"3/79 Yarra Street,ABBOTSFORD,VIC,3067"
15691,"101/261 Swan Street,RICHMOND,VIC,3121"
15692,"8/45 Dalgety Street,ST KILDA,VIC,3182"
15693,"1/300 Young  Street,FITZROY,VIC,3065"
15694,"109/363 Beaconsfield Parade,ST KILDA WEST,VIC,3182"
15695,"10/60 Carlisle Street,ST KILDA,VIC,3182"
15696,"406/100 Kavanagh Street,SOUTHBANK,VIC,3006"
15697,"205/27-31 Herbert Street,ST KILDA,VIC,3182"
15698,"8/70-74 Nicholson Street,FITZROY,VIC,3065"
15699,"10/233 Dandenong Road,WINDSOR,VIC,3181"
15700,"10/61-63 Robe Street,ST KILDA,VIC,3182"
15701,"14/49 Grange Road,TOORAK,VIC,3142"
15702,"20/213 Williams Road,SOUTH YARRA,VIC,3141"
15703,"7/393 Toorak Road,SOUTH YARRA,VIC,3141"
15704,"5/23 Albert Street,EAST MELBOURNE,VIC,3002"
15705,"25/44 Fitzroy Street,ST KILDA,VIC,3182"
15706,"17/36 Egan Street,RICHMOND,VIC,3121"
15707,"17/81 Edinburgh Street,RICHMOND,VIC,3121"
15708,"22 Banole Avenue,PRAHRAN,VIC,3181"
15709,"257 Moray Street,SOUTH MELBOURNE,VIC,3205"
15710,"1/2 Jolimont Terrace,EAST MELBOURNE,VIC,3002"
15711,"172 Pickles Street,SOUTH MELBOURNE,VIC,3205"
15712,"326A Canterbury Road,ST KILDA WEST,VIC,3182"
15713,"5/221 Williams Road,SOUTH YARRA,VIC,3141"
15714,"33 Marriott Street,ST KILDA,VIC,3182"
15715,"4/459 Glenferrie Road,TOORAK,VIC,3142"
15716,"18 Pitt  Street,CARLTON,VIC,3053"
15717,"9/81 Edinburgh Street,RICHMOND,VIC,3121"
15718,"8/3 Arthur Street,SOUTH YARRA,VIC,3141"
15719,"3/2 Inverleith Court,ST KILDA,VIC,3182"
15720,"5/30B Mitford Street,ST KILDA,VIC,3182"
15721,"931/20 Shamrock Street,ABBOTSFORD,VIC,3067"
15722,"8/28 Grey Street,ST KILDA,VIC,3182"
15723,"18/1 St David Street,FITZROY,VIC,3065"
15724,"12/165 Hotham Street,EAST MELBOURNE,VIC,3002"
15725,"207/5 Greeves Street,ST KILDA,VIC,3182"
15726,"7/12 Trawalla Avenue,TOORAK,VIC,3142"
15727,"2/59 Avoca Street,SOUTH YARRA,VIC,3141"
15728,"27 Egan Street,RICHMOND,VIC,3121"
15729,"3/4 Anderson Street,WEST MELBOURNE,VIC,3003"
15730,"5/51 Stawell  Street,WEST MELBOURNE,VIC,3003"
15731,"1604/68 Dorcas Street,SOUTH MELBOURNE,VIC,3205"
15732,"1006/338 Kings Way,SOUTH MELBOURNE,VIC,3205"
15733,"13/14-18 Howitt Street,SOUTH YARRA,VIC,3141"
15734,"8 Charnwood Crescent,ST KILDA,VIC,3182"
15735,"11/83 Alma Road,ST KILDA,VIC,3182"
15736,"6/82 Grey Street,ST KILDA,VIC,3182"
15737,"209/125-129 Fitzroy Street,ST KILDA,VIC,3182"
15738,"18/42 Waterloo Crescent,ST KILDA,VIC,3182"
15739,"5/284 Williams Road,TOORAK,VIC,3142"
15740,"21/21 Bruce Street,SOUTH YARRA,VIC,3141"
15741,"6/45 Kensington Road,SOUTH YARRA,VIC,3141"
15742,"Unit 303/10 Bromham Pl,RICHMOND,VIC,3121"
15743,"4/41 Hambleton Street,ALBERT PARK,VIC,3206"
15744,"Unit 305/10 Bromham Pl,RICHMOND,VIC,3121"
15745,"11/174 Toorak Road West,SOUTH YARRA,VIC,3141"
15746,"416/85-87 High Street,PRAHRAN,VIC,3181"
15747,"907/221 Sturt Street,SOUTHBANK,VIC,3006"
15748,"16 Chastleton Avenue,TOORAK,VIC,3142"
15749,"15 Bayview Street,PRAHRAN,VIC,3181"
15750,"481 City Road,SOUTH MELBOURNE,VIC,3205"
15751,"81 Talbot Cresent,TOORAK,VIC,3142"
15752,"501/7 Claremont Street,SOUTH YARRA,VIC,3141"
15753,"13/358 Beaconsfield Parade,ST KILDA WEST,VIC,3182"
15754,"19/380 Toorak Road,SOUTH YARRA,VIC,3141"
15755,"1819/39 Coventry Street,SOUTHBANK,VIC,3006"
15756,"803/181 St Kilda Road,ST KILDA,VIC,3182"
15757,"37/101 Leveson Street,NORTH MELBOURNE,VIC,3051"
15758,"505/ 338 Kings Way,SOUTH MELBOURNE,VIC,3205"
15759,"120/135 Inkerman Street,ST KILDA,VIC,3182"
15760,"101/27 The Avenue,WINDSOR,VIC,3181"
15761,"9/45 Acland Street,ST KILDA,VIC,3182"
15762,"1B Stawell St,NORTH MELBOURNE,VIC,3051"
15763,"104/85-87 High Street,PRAHRAN,VIC,3181"
15764,"Unit 108/10 Bromham Pl,RICHMOND,VIC,3121"
15765,"B/9 Dryburgh Street,WEST MELBOURNE,VIC,3003"
15766,"5/48 Mathoura Road,TOORAK,VIC,3142"
15767,"214/8 Daly Street,SOUTH YARRA,VIC,3141"
15768,"Unit 204/8 Garfield St,RICHMOND,VIC,3121"
15769,"405/108 Haines Street,NORTH MELBOURNE,VIC,3051"
15770,"605/108 Haines Street,NORTH MELBOURNE,VIC,3051"
15771,"105/86 Cade Way,PARKVILLE,VIC,3052"
15772,"A/9 Dryburgh Street,WEST MELBOURNE,VIC,3003"
15773,"6/34 Crimea Street,ST KILDA,VIC,3182"
15774,"105/25 Clifton Street,PRAHRAN,VIC,3181"
15775,"907/50 Lorimer Street,DOCKLANDS,VIC,3008"
15776,"14/49 Brougham Street,NORTH MELBOURNE,VIC,3051"
15777,"211/21 Saint Mangos Lane,DOCKLANDS,VIC,3008"
15778,"2106/70 Dorcas Street,SOUTHBANK,VIC,3006"
15779,"N1704/241 Harbour Esplanade,DOCKLANDS,VIC,3008"
15780,"702W/48 Balston  Street,SOUTHBANK,VIC,3006"
15781,"505/81 Argyle Street,FITZROY,VIC,3065"
15782,"2305/90 Lorimer Street,DOCKLANDS,VIC,3008"
15783,"412/33 Blackwood Street,NORTH MELBOURNE,VIC,3051"
15784,"503/35 Malcolm Street,SOUTH YARRA,VIC,3141"
15785,"606/33 Racecourse Road,NORTH MELBOURNE,VIC,3051"
15786,"96 Pakington Street,ST KILDA,VIC,3182"
15787,"182 Richardson Street,ALBERT PARK,VIC,3206"
15788,"106 Charles Street,PRAHRAN,VIC,3181"
15789,"5 Bevan Street,ALBERT PARK,VIC,3206"
15790,"1B Stradbroke Avenue,TOORAK,VIC,3142"
15791,"780 Orrong Road,TOORAK,VIC,3142"
15792,"494 Abbotsford Street,NORTH MELBOURNE,VIC,3051"
15793,"43 Huckerby Street,RICHMOND,VIC,3121"
15794,"176 Kerferd Road,ALBERT PARK,VIC,3206"
15795,"188 Williams  Road,TOORAK,VIC,3142"
15796,"26/46 Lansell Road,TOORAK,VIC,3142"
15797,"32A St Georges Road,TOORAK,VIC,3142"
15798,"146 Kooyong Road,TOORAK,VIC,3142"
15799,"27 Denham Place,TOORAK,VIC,3142"
15800,"2303/229 Toorak Road,SOUTH YARRA,VIC,3141"
15801,"291A Bank Street,SOUTH MELBOURNE,VIC,3205"
15802,"21/723 Orrong Road,TOORAK,VIC,3142"
15803,"1/15 Copelen Street,SOUTH YARRA,VIC,3141"
15804,"13/4 Glyndebourne Avenue,TOORAK,VIC,3142"
15805,"36 Eades Place,WEST MELBOURNE,VIC,3003"
15806,"32 Larnook Street,PRAHRAN,VIC,3181"
15807,"35 Highbury Grove,PRAHRAN,VIC,3181"
15808,"7 Atkinson Close,WINDSOR,VIC,3181"
15809,"7 Law Street,SOUTH MELBOURNE,VIC,3205"
15810,"62/85 Alexandra Avenue,SOUTH YARRA,VIC,3141"
15811,"27/166 Toorak Road West,SOUTH YARRA,VIC,3141"
15812,"413/85-87 High Street,PRAHRAN,VIC,3181"
15813,"2/44 Walsh Street,SOUTH YARRA,VIC,3141"
15814,"1606/50 Lorimer Street,DOCKLANDS,VIC,3008"
15815,"2a/19 Marine Parade,ST KILDA,VIC,3182"
15816,"208/12 Yarra Street,SOUTH YARRA,VIC,3141"
15817,"1306/2-6 St Kilda Road,ST KILDA,VIC,3182"
15818,"9/637 Malvern Road,TOORAK,VIC,3142"
15819,"6/490 Toorak Road,TOORAK,VIC,3142"
15820,"419/4 Acacia Place,ABBOTSFORD,VIC,3067"
15821,"9/275 Domain Road,SOUTH YARRA,VIC,3141"
15822,"225 Cecil Street,SOUTH MELBOURNE,VIC,3205"
15823,"26/23 Mitford Street,ST KILDA,VIC,3182"
15824,"57 Lincoln Street,RICHMOND,VIC,3121"
15825,"7/272 Williams Road,TOORAK,VIC,3142"
15826,"119 Chapel Street,ST KILDA,VIC,3182"
15827,"203/433 Inkerman Street,ST KILDA,VIC,3182"
15828,"1116/8 Marmion Place,DOCKLANDS,VIC,3008"
15829,"503/59 Porter Street,PRAHRAN,VIC,3181"
15830,"22/106 Southbank Boulevard,SOUTHBANK,VIC,3006"
15831,"5/48 MacFarlan Street,SOUTH YARRA,VIC,3141"
15832,"2/63 Domain  Street,SOUTH YARRA,VIC,3141"
15833,"12 Dover Street,RICHMOND,VIC,3121"
15834,"1106E/888 Collins Street,DOCKLANDS,VIC,3008"
15835,"605/33 Blackwood Street,NORTH MELBOURNE,VIC,3051"
15836,"381 Punt Road,RICHMOND,VIC,3121"
15837,"309/40-44 Pakington Street,ST KILDA,VIC,3182"
15838,"1001/45 Claremont Street,SOUTH YARRA,VIC,3141"
15839,"2/K3 High Street,PRAHRAN,VIC,3181"
15840,"G04/183 Bridge Road,RICHMOND,VIC,3121"
15841,"504/11 Flockhart Street,ABBOTSFORD,VIC,3067"
15842,"5/340 St Kilda Rd,ST KILDA,VIC,3182"
15843,"48 Hawke Street,WEST MELBOURNE,VIC,3003"
15844,"3/4 Newton Court,ST KILDA,VIC,3182"
15845,"1517/8 Daly Street,SOUTH YARRA,VIC,3141"
15846,"5/42 Burnett Street,ST KILDA,VIC,3182"
15847,"222/8 Daly Street,SOUTH YARRA,VIC,3141"
15848,"Rear/793 Rathdowne Street,CARLTON,VIC,3053"
15849,"413/6 Acacia Place,ABBOTSFORD,VIC,3067"
15850,"306/45 Victoria Parade,COLLINGWOOD,VIC,3066"
15851,"5/13-15 Lambert Street,RICHMOND,VIC,3121"
15852,"14/37 Hope Street,SOUTH YARRA,VIC,3141"
15853,"2 Macfarlan Lane,SOUTH YARRA,VIC,3141"
15854,"7101/7 Riverside Quay,SOUTHBANK,VIC,3006"
15855,"1 King Street,RICHMOND,VIC,3121"
15856,"32 Gurner Street,ST KILDA,VIC,3182"
15857,"6/74-80 Ireland Street,WEST MELBOURNE,VIC,3003"
15858,"2405/9 Power Street,SOUTHBANK,VIC,3006"
15859,"6 Robinson Street,PRAHRAN,VIC,3181"
15860,"REF 051610/173 City Road,SOUTHBANK,VIC,3006"
15861,"103 Danks Street,ALBERT PARK,VIC,3206"
15862,"1 Moore Street,SOUTH YARRA,VIC,3141"
15863,"REF 051413/100 Wells Street,SOUTHBANK,VIC,3006"
15864,"REF 051403/63 Whiteman Street,SOUTHBANK,VIC,3006"
15865,"1110S/883 Collins Street,DOCKLANDS,VIC,3008"
15866,"808/668 Swanston Street,CARLTON,VIC,3053"
15867,"202 Canning Street,CARLTON,VIC,3053"
15868,"5/33 Rathdowne Street,CARLTON,VIC,3053"
15869,"4102/35 Queensbridge Street,SOUTHBANK,VIC,3006"
15870,"REF 051608/180 City Road,SOUTHBANK,VIC,3006"
15871,"147 Neville Street,MIDDLE PARK,VIC,3206"
15872,"401/39 Coventry Street,SOUTHBANK,VIC,3006"
15873,"197/100 Kavanagh St,SOUTHBANK,VIC,3006"
15874,"REF 051457/99 Whiteman Street,SOUTHBANK,VIC,3006"
15875,"REF 051505/241 City Road,SOUTHBANK,VIC,3006"
15876,"5 William Street,ABBOTSFORD,VIC,3067"
15877,"609/34 Wilson Street,SOUTH YARRA,VIC,3141"
15878,"2705/45 Clarke Street,SOUTHBANK,VIC,3006"
15879,"11/225 Beaconsfield Parade,MIDDLE PARK,VIC,3206"
15880,"8/85 Rathdowne Street,CARLTON,VIC,3053"
15881,"REF 051609/173 City Road,SOUTHBANK,VIC,3006"
15882,"2008/551 Swanston Street,CARLTON,VIC,3053"
15883,"601/89 Gladstone Street,SOUTH MELBOURNE,VIC,3205"
15884,"304N/889 Collins Street,DOCKLANDS,VIC,3008"
15885,"REF 051409/148 Wells Street,SOUTH MELBOURNE,VIC,3205"
15886,"2511A/100 Harbour Esplanade,DOCKLANDS,VIC,3008"
15887,"11/220 Elgin Street,CARLTON,VIC,3053"
15888,"REF 051400/180 City Road,SOUTHBANK,VIC,3006"
15889,"1311/6-22 Pearl River Road,DOCKLANDS,VIC,3008"
15890,"E2-3/140 Arden Street,NORTH MELBOURNE,VIC,3051"
15891,"REF 051457/99 Whiteman Street,SOUTHBANK,VIC,3006"
15892,"103/30-32 Regent Street,PRAHRAN,VIC,3181"
15893,"1/22 Darling Street,SOUTH YARRA,VIC,3141"
15894,"S1500/8 Waterview Walk,DOCKLANDS,VIC,3008"
15895,"REF 051604/53 Batman Street,WEST MELBOURNE,VIC,3003"
15896,"1509/100 Harbour Esplanade,DOCKLANDS,VIC,3008"
15897,"6/182 Albert Road,SOUTH MELBOURNE,VIC,3205"
15898,"108M/46-74 Stanley Street,COLLINGWOOD,VIC,3066"
15899,"4/87 Merton  Street,ALBERT PARK,VIC,3206"
15900,"REF 051475/183 City Road,SOUTHBANK,VIC,3006"
15901,"303S/889 Collins St,DOCKLANDS,VIC,3008"
15902,"104/339 Burnley Street,RICHMOND,VIC,3121"
15903,"REF 051425/39 Dorcas Street,SOUTH MELBOURNE,VIC,3205"
15904,"2104/46-50 Haig Street,SOUTHBANK,VIC,3006"
15905,"164 Canning Street,CARLTON,VIC,3053"
15906,"2101/68-70 Dorcas Street,SOUTHBANK,VIC,3006"
15907,"2308/68-70 Dorcas Street,SOUTHBANK,VIC,3006"
15908,"4/150 Peel Street,NORTH MELBOURNE,VIC,3051"
